Method,Accuracy,F1_Score,Min_DI,DI_Fairness,HR_Std,Final_Adv_Acc
Baseline,0.6773333333333333,0.5314617618586641,0.3716439001413095,0.31160696115437947,0.07061261165988815,
Gender_Adversarial,0.6856666666666666,0.5433414043583535,0.477747502270663,0.2389807806500469,0.05657446749520272,0.5277777910232544
Intersectional_Adversarial,0.681,0.547945205479452,0.6711323763955344,0.18742214729455411,0.039515539308533944,0.17166666686534882
